Workbook

Sheet apparatus
A1: N | B1: L (m) | C1: Rx (Ω) | D1: Ry (Ω) | E1: C (F) | F1: A (m²) | G1: μ₀ (T·m/A)
A2: 250 | B2: 0.48 | C2: 2.999 | D2: 11100 | E2: 2.01e-05 | F2: 0.0016 | G2: 1.2566371e-06

Sheet virgin-curve
A1: ΔV_x (V) | B1: ΔV_y (V) | C1: H (A/m) | D1: B (T) | E1: μ (T·m/A) | F1: μ_rel
A2: 0.8 | B2: 0.4875 | C2: =A2*apparatus!$A$2/(apparatus!$B$2*apparatus!$C$2) -> 138.9352 | D2: =B2*apparatus!$D$2*apparatus!$E$2/(apparatus!$A$2*apparatus!$F$2) -> 0.27191531 | E2: =D2/C2 -> 0.0019571377 | F2: =E2/apparatus!$G$2 -> 1557.4407
A3: 1.175 | B3: 0.8625 | C3: =A3*apparatus!$A$2/(apparatus!$B$2*apparatus!$C$2) -> 204.06108 | D3: =B3*apparatus!$D$2*apparatus!$E$2/(apparatus!$A$2*apparatus!$F$2) -> 0.48108094 | E3: =D3/C3 -> 0.0023575341 | F3: =E3/apparatus!$G$2 -> 1876.066
A4: 1.575 | B4: 1.28125 | C4: =A4*apparatus!$A$2/(apparatus!$B$2*apparatus!$C$2) -> 273.52868 | D4: =B4*apparatus!$D$2*apparatus!$E$2/(apparatus!$A$2*apparatus!$F$2) -> 0.71464922 | E4: =D4/C4 -> 0.0026127031 | F4: =E4/apparatus!$G$2 -> 2079.1231
A5: 1.925 | B5: 1.64375 | C5: =A5*apparatus!$A$2/(apparatus!$B$2*apparatus!$C$2) -> 334.31283 | D5: =B5*apparatus!$D$2*apparatus!$E$2/(apparatus!$A$2*apparatus!$F$2) -> 0.91684266 | E5: =D5/C5 -> 0.0027424693 | F5: =E5/apparatus!$G$2 -> 2182.3877
A6: 2.375 | B6: 2 | C6: =A6*apparatus!$A$2/(apparatus!$B$2*apparatus!$C$2) -> 412.46388 | D6: =B6*apparatus!$D$2*apparatus!$E$2/(apparatus!$A$2*apparatus!$F$2) -> 1.11555 | E6: =D6/C6 -> 0.0027046005 | F6: =E6/apparatus!$G$2 -> 2152.2527
A7: 2.95 | B7: 2.3875 | C7: =A7*apparatus!$A$2/(apparatus!$B$2*apparatus!$C$2) -> 512.32355 | D7: =B7*apparatus!$D$2*apparatus!$E$2/(apparatus!$A$2*apparatus!$F$2) -> 1.3316878 | E7: =D7/C7 -> 0.0025993102 | F7: =E7/apparatus!$G$2 -> 2068.4653
A8: 3.7 | B8: 2.7625 | C8: =A8*apparatus!$A$2/(apparatus!$B$2*apparatus!$C$2) -> 642.5753 | D8: =B8*apparatus!$D$2*apparatus!$E$2/(apparatus!$A$2*apparatus!$F$2) -> 1.5408534 | E8: =D8/C8 -> 0.0023979344 | F8: =E8/apparatus!$G$2 -> 1908.2156
A9: 4.875 | B9: 3.125 | C9: =A9*apparatus!$A$2/(apparatus!$B$2*apparatus!$C$2) -> 846.63638 | D9: =B9*apparatus!$D$2*apparatus!$E$2/(apparatus!$A$2*apparatus!$F$2) -> 1.7430469 | E9: =D9/C9 -> 0.0020587904 | F9: =E9/apparatus!$G$2 -> 1638.3334
A10: 6.5 | B10: 3.46875 | C10: =A10*apparatus!$A$2/(apparatus!$B$2*apparatus!$C$2) -> 1128.8485 | D10: =B10*apparatus!$D$2*apparatus!$E$2/(apparatus!$A$2*apparatus!$F$2) -> 1.934782 | E10: =D10/C10 -> 0.001713943 | F10: =E10/apparatus!$G$2 -> 1363.9125
A11: 9.1 | B11: 3.76875 | C11: =A11*apparatus!$A$2/(apparatus!$B$2*apparatus!$C$2) -> 1580.3879 | D11: =B11*apparatus!$D$2*apparatus!$E$2/(apparatus!$A$2*apparatus!$F$2) -> 2.1021145 | E11: =D11/C11 -> 0.0013301257 | F11: =E11/apparatus!$G$2 -> 1058.4804
A12: 13.175 | B12: 4.061 | C12: =A12*apparatus!$A$2/(apparatus!$B$2*apparatus!$C$2) -> 2288.0891 | D12: =B12*apparatus!$D$2*apparatus!$E$2/(apparatus!$A$2*apparatus!$F$2) -> 2.2651243 | E12: =D12/C12 -> 0.00098996332 | F12: =E12/apparatus!$G$2 -> 787.78778
A13: 19.065 | B13: 4.27025 | C13: =A13*apparatus!$A$2/(apparatus!$B$2*apparatus!$C$2) -> 3310.9995 | D13: =B13*apparatus!$D$2*apparatus!$E$2/(apparatus!$A$2*apparatus!$F$2) -> 2.3818387 | E13: =D13/C13 -> 0.00071937151 | F13: =E13/apparatus!$G$2 -> 572.45765
A14: 28.5975 | B14: 4.45625 | C14: =A14*apparatus!$A$2/(apparatus!$B$2*apparatus!$C$2) -> 4966.4992 | D14: =B14*apparatus!$D$2*apparatus!$E$2/(apparatus!$A$2*apparatus!$F$2) -> 2.4855848 | E14: =D14/C14 -> 0.00050047019 | F14: =E14/apparatus!$G$2 -> 398.26153

Sheet vacuum-permeability-a
A1: plate count | B1: L' (mm) | C1: L' (m) | D1: ΔV_x (V) | E1: ΔV_y (V) | F1: I (A) | G1: B (T)
A2: 3 | B2: 0.35 | C2: =B2/1000 -> 0.00035 | D2: 17.63125 | E2: 3.67359 | F2: =D2/apparatus!$C$2 -> 5.879043 | G2: =E2*apparatus!$D$2*apparatus!$E$2/(apparatus!$A$2*apparatus!$F$2) -> 2.0490367
A3: 2 | B3: 0.2 | C3: =B3/1000 -> 0.0002 | D3: 14.6475 | E3: 3.67359 | F3: =D3/apparatus!$C$2 -> 4.884128 | G3: =E3*apparatus!$D$2*apparatus!$E$2/(apparatus!$A$2*apparatus!$F$2) -> 2.0490367
A4: 1 | B4: 0.1 | C4: =B4/1000 -> 0.0001 | D4: 11.35375 | E4: 3.67359 | F4: =D4/apparatus!$C$2 -> 3.7858453 | G4: =E4*apparatus!$D$2*apparatus!$E$2/(apparatus!$A$2*apparatus!$F$2) -> 2.0490367
A5: 0 | B5: 0 | C5: =B5/1000 -> 0 | D5: 8.17625 | E5: 3.67359 | F5: =D5/apparatus!$C$2 -> 2.7263254 | G5: =E5*apparatus!$D$2*apparatus!$E$2/(apparatus!$A$2*apparatus!$F$2) -> 2.0490367

Sheet vacuum-permeability-b
A1: plate count | B1: L' (mm) | C1: L' (m) | D1: ΔV_x (V) | E1: ΔV_y (V) | F1: I (A) | G1: B (T)
A2: 5 | B2: 0.5 | C2: =B2/1000 -> 0.0005 | D2: 16.12 | E2: 2.8305 | F2: =D2/apparatus!$C$2 -> 5.375125 | G2: =E2*apparatus!$D$2*apparatus!$E$2/(apparatus!$A$2*apparatus!$F$2) -> 1.5787821
A3: 4 | B3: 0.45 | C3: =B3/1000 -> 0.00045 | D3: 14.0275 | E3: 2.8305 | F3: =D3/apparatus!$C$2 -> 4.6773925 | G3: =E3*apparatus!$D$2*apparatus!$E$2/(apparatus!$A$2*apparatus!$F$2) -> 1.5787821
A4: 3 | B4: 0.35 | C4: =B4/1000 -> 0.00035 | D4: 11.66375 | E4: 2.8305 | F4: =D4/apparatus!$C$2 -> 3.8892131 | G4: =E4*apparatus!$D$2*apparatus!$E$2/(apparatus!$A$2*apparatus!$F$2) -> 1.5787821
A5: 2 | B5: 0.2 | C5: =B5/1000 -> 0.0002 | D5: 9.0675 | E5: 2.8305 | F5: =D5/apparatus!$C$2 -> 3.0235078 | G5: =E5*apparatus!$D$2*apparatus!$E$2/(apparatus!$A$2*apparatus!$F$2) -> 1.5787821
A6: 1 | B6: 0.1 | C6: =B6/1000 -> 0.0001 | D6: 6.54875 | E6: 2.8305 | F6: =D6/apparatus!$C$2 -> 2.1836445 | G6: =E6*apparatus!$D$2*apparatus!$E$2/(apparatus!$A$2*apparatus!$F$2) -> 1.5787821
A7: 0 | B7: 0 | C7: =B7/1000 -> 0 | D7: 4.06875 | E7: 2.8305 | F7: =D7/apparatus!$C$2 -> 1.3567022 | G7: =E7*apparatus!$D$2*apparatus!$E$2/(apparatus!$A$2*apparatus!$F$2) -> 1.5787821
